unix_timestamp,reg_price_usd_per_kw_h
1704067200,0.030996000000000003
1704070800,0.030996000000000003
1704074400,0.030996000000000003
1704078000,0.030996000000000003
1704081600,0.028188
1704085200,0.028188
1704088800,0.028188
1704092400,0.028188
1704096000,0.018576000000000002
1704099600,0.018576000000000002
1704103200,0.018576000000000002
1704106800,0.018576000000000002
1704110400,0.020952
1704114000,0.020952
1704117600,0.020952
1704121200,0.020952
1704124800,0.019548000000000003
1704128400,0.019548000000000003
1704132000,0.019548000000000003
1704135600,0.019548000000000003
1704139200,0.0215892
1704142800,0.0215892
1704146400,0.0215892
1704150000,0.0215892
1704153600,0.025380000000000003
1704157200,0.025380000000000003
1704160800,0.025380000000000003
1704164400,0.025380000000000003
1704168000,0.02646
1704171600,0.02646
1704175200,0.02646
1704178800,0.02646
1704182400,0.018098100000000002
1704186000,0.018098100000000002
1704189600,0.018098100000000002
1704193200,0.018098100000000002
1704196800,0.0159867
1704200400,0.0159867
1704204000,0.0159867
1704207600,0.0159867
1704211200,0.016200000000000003
1704214800,0.016200000000000003
1704218400,0.016200000000000003
1704222000,0.016200000000000003
1704225600,0.015400800000000001
1704229200,0.015400800000000001
1704232800,0.015400800000000001
1704236400,0.015400800000000001
1704240000,0.025488000000000004
1704243600,0.025488000000000004
1704247200,0.025488000000000004
1704250800,0.025488000000000004
1704254400,0.023679000000000002
1704258000,0.023679000000000002
1704261600,0.023679000000000002
1704265200,0.023679000000000002
1704268800,0.015228
1704272400,0.015228
1704276000,0.015228
1704279600,0.015228
1704283200,0.016200000000000003
1704286800,0.016200000000000003
1704290400,0.016200000000000003
1704294000,0.016200000000000003
1704297600,0.018198000000000002
1704301200,0.018198000000000002
1704304800,0.018198000000000002
1704308400,0.018198000000000002
1704312000,0.015012000000000003
1704315600,0.015012000000000003
1704319200,0.015012000000000003
1704322800,0.015012000000000003
1704326400,0.036612
1704330000,0.036612
1704333600,0.036612
1704337200,0.036612
1704340800,0.029051999999999998
1704344400,0.029051999999999998
1704348000,0.029051999999999998
1704351600,0.029051999999999998
1704355200,0.015165900000000001
1704358800,0.015165900000000001
1704362400,0.015165900000000001
1704366000,0.015165900000000001
1704369600,0.014580000000000003
1704373200,0.014580000000000003
1704376800,0.014580000000000003
1704380400,0.014580000000000003
1704384000,0.015120000000000001
1704387600,0.015120000000000001
1704391200,0.015120000000000001
1704394800,0.015120000000000001
1704398400,0.013392000000000001
1704402000,0.013392000000000001
1704405600,0.013392000000000001
1704409200,0.013392000000000001
1704412800,0.021978
1704416400,0.021978
1704420000,0.021978
1704423600,0.021978
1704427200,0.017604
1704430800,0.017604
1704434400,0.017604
1704438000,0.017604
1704441600,0.013510800000000002
1704445200,0.013510800000000002
1704448800,0.013510800000000002
1704452400,0.013510800000000002
1704456000,0.011555999999999999
1704459600,0.011555999999999999
1704463200,0.011555999999999999
1704466800,0.011555999999999999
1704470400,0.014688000000000001
1704474000,0.014688000000000001
1704477600,0.014688000000000001
1704481200,0.014688000000000001
1704484800,0.010908
1704488400,0.010908
1704492000,0.010908
1704495600,0.010908
1704499200,0.018797400000000002
1704502800,0.018797400000000002
1704506400,0.018797400000000002
1704510000,0.018797400000000002
1704513600,0.015130800000000002
1704517200,0.015130800000000002
1704520800,0.015130800000000002
1704524400,0.015130800000000002
1704528000,0.010368
1704531600,0.010368
1704535200,0.010368
1704538800,0.010368
1704542400,0.0098145
1704546000,0.0098145
1704549600,0.0098145
1704553200,0.0098145
1704556800,0.011105100000000001
1704560400,0.011105100000000001
1704564000,0.011105100000000001
1704567600,0.011105100000000001
1704571200,0.010152000000000001
1704574800,0.010152000000000001
1704578400,0.010152000000000001
1704582000,0.010152000000000001
1704585600,0.0148365
1704589200,0.0148365
1704592800,0.0148365
1704596400,0.0148365
1704600000,0.01566
1704603600,0.01566
1704607200,0.01566
1704610800,0.01566
1704614400,0.0104922
1704618000,0.0104922
1704621600,0.0104922
1704625200,0.0104922
1704628800,0.0092124
1704632400,0.0092124
1704636000,0.0092124
1704639600,0.0092124
1704643200,0.0117558
1704646800,0.0117558
1704650400,0.0117558
1704654000,0.0117558
1704657600,0.009612000000000002
1704661200,0.009612000000000002
1704664800,0.009612000000000002
1704668400,0.009612000000000002
1704672000,0.013581
1704675600,0.013581
1704679200,0.013581
1704682800,0.013581
1704686400,0.018144
1704690000,0.018144
1704693600,0.018144
1704697200,0.018144
1704700800,0.010935
1704704400,0.010935
1704708000,0.010935
1704711600,0.010935
1704715200,0.009995400000000002
1704718800,0.009995400000000002
1704722400,0.009995400000000002
1704726000,0.009995400000000002
1704729600,0.0108
1704733200,0.0108
1704736800,0.0108
1704740400,0.0108
1704744000,0.009282600000000002
1704747600,0.009282600000000002
1704751200,0.009282600000000002
1704754800,0.009282600000000002
1704758400,0.010935
1704762000,0.010935
1704765600,0.010935
1704769200,0.010935
1704772800,0.0124713
1704776400,0.0124713
1704780000,0.0124713
1704783600,0.0124713
1704787200,0.0097956
1704790800,0.0097956
1704794400,0.0097956
1704798000,0.0097956
1704801600,0.008964000000000001
1704805200,0.008964000000000001
1704808800,0.008964000000000001
1704812400,0.008964000000000001
1704816000,0.0142857
1704819600,0.0142857
1704823200,0.0142857
1704826800,0.0142857
1704830400,0.009179999999999999
1704834000,0.009179999999999999
1704837600,0.009179999999999999
1704841200,0.009179999999999999
1704844800,0.00999
1704848400,0.00999
1704852000,0.00999
1704855600,0.00999
1704859200,0.0147528
1704862800,0.0147528
1704866400,0.0147528
1704870000,0.0147528
1704873600,0.014990400000000001
1704877200,0.014990400000000001
1704880800,0.014990400000000001
1704884400,0.014990400000000001
1704888000,0.0104004
1704891600,0.0104004
1704895200,0.0104004
1704898800,0.0104004
1704902400,0.015336
1704906000,0.015336
1704909600,0.015336
1704913200,0.015336
1704916800,0.0078624
1704920400,0.0078624
1704924000,0.0078624
1704927600,0.0078624
1704931200,0.008856
1704934800,0.008856
1704938400,0.008856
1704942000,0.008856
1704945600,0.0099333
1704949200,0.0099333
1704952800,0.0099333
1704956400,0.0099333
1704960000,0.0094878
1704963600,0.0094878
1704967200,0.0094878
1704970800,0.0094878
1704974400,0.007560000000000001
1704978000,0.007560000000000001
1704981600,0.007560000000000001
1704985200,0.007560000000000001
1704988800,0.014904000000000002
1704992400,0.014904000000000002
1704996000,0.014904000000000002
1704999600,0.014904000000000002
1705003200,0.007344000000000001
1705006800,0.007344000000000001
1705010400,0.007344000000000001
1705014000,0.007344000000000001
1705017600,0.0072333
1705021200,0.0072333
1705024800,0.0072333
1705028400,0.0072333
1705032000,0.008964000000000001
1705035600,0.008964000000000001
1705039200,0.008964000000000001
1705042800,0.008964000000000001
1705046400,0.010702800000000002
1705050000,0.010702800000000002
1705053600,0.010702800000000002
1705057200,0.010702800000000002
1705060800,0.0069741
1705064400,0.0069741
1705068000,0.0069741
1705071600,0.0069741
1705075200,0.0146583
1705078800,0.0146583
1705082400,0.0146583
1705086000,0.0146583
1705089600,0.006912000000000001
1705093200,0.006912000000000001
1705096800,0.006912000000000001
1705100400,0.006912000000000001
1705104000,0.011286
1705107600,0.011286
1705111200,0.011286
1705114800,0.011286
1705118400,0.011907000000000003
1705122000,0.011907000000000003
1705125600,0.011907000000000003
1705129200,0.011907000000000003
1705132800,0.0095337
1705136400,0.0095337
1705140000,0.0095337
1705143600,0.0095337
1705147200,0.0108108
1705150800,0.0108108
1705154400,0.0108108
1705158000,0.0108108
1705161600,0.009260999999999998
1705165200,0.009260999999999998
1705168800,0.009260999999999998
1705172400,0.009260999999999998
1705176000,0.009279899999999999
1705179600,0.009279899999999999
1705183200,0.009279899999999999
1705186800,0.009279899999999999
1705190400,0.0079569
1705194000,0.0079569
1705197600,0.0079569
1705201200,0.0079569
1705204800,0.0085482
1705208400,0.0085482
1705212000,0.0085482
1705215600,0.0085482
1705219200,0.009720000000000001
1705222800,0.009720000000000001
1705226400,0.009720000000000001
1705230000,0.009720000000000001
1705233600,0.007344000000000001
1705237200,0.007344000000000001
1705240800,0.007344000000000001
1705244400,0.007344000000000001
1705248000,0.0085482
1705251600,0.0085482
1705255200,0.0085482
1705258800,0.0085482
1705262400,0.0082836
1705266000,0.0082836
1705269600,0.0082836
1705273200,0.0082836
1705276800,0.009828
1705280400,0.009828
1705284000,0.009828
1705287600,0.009828
1705291200,0.008912699999999999
1705294800,0.008912699999999999
1705298400,0.008912699999999999
1705302000,0.008912699999999999
1705305600,0.0086481
1705309200,0.0086481
1705312800,0.0086481
1705316400,0.0086481
1705320000,0.007327800000000001
1705323600,0.007327800000000001
1705327200,0.007327800000000001
1705330800,0.007327800000000001
1705334400,0.010125
1705338000,0.010125
1705341600,0.010125
1705345200,0.010125
1705348800,0.007333200000000001
1705352400,0.007333200000000001
1705356000,0.007333200000000001
1705359600,0.007333200000000001
1705363200,0.0095121
1705366800,0.0095121
1705370400,0.0095121
1705374000,0.0095121
1705377600,0.009398700000000001
1705381200,0.009398700000000001
1705384800,0.009398700000000001
1705388400,0.009398700000000001
1705392000,0.0098955
1705395600,0.0098955
1705399200,0.0098955
1705402800,0.0098955
1705406400,0.007867800000000001
1705410000,0.007867800000000001
1705413600,0.007867800000000001
1705417200,0.007867800000000001
1705420800,0.011186100000000001
1705424400,0.011186100000000001
1705428000,0.011186100000000001
1705431600,0.011186100000000001
1705435200,0.0066636
1705438800,0.0066636
1705442400,0.0066636
1705446000,0.0066636
1705449600,0.0078435
1705453200,0.0078435
1705456800,0.0078435
1705460400,0.0078435
1705464000,0.0107649
1705467600,0.0107649
1705471200,0.0107649
1705474800,0.0107649
1705478400,0.009252900000000001
1705482000,0.009252900000000001
1705485600,0.009252900000000001
1705489200,0.009252900000000001
1705492800,0.006998400000000001
1705496400,0.006998400000000001
1705500000,0.006998400000000001
1705503600,0.006998400000000001
1705507200,0.012023100000000002
1705510800,0.012023100000000002
1705514400,0.012023100000000002
1705518000,0.012023100000000002
1705521600,0.0064719
1705525200,0.0064719
1705528800,0.0064719
1705532400,0.0064719
1705536000,0.0073791
1705539600,0.0073791
1705543200,0.0073791
1705546800,0.0073791
1705550400,0.0082431
1705554000,0.0082431
1705557600,0.0082431
1705561200,0.0082431
1705564800,0.008602199999999999
1705568400,0.008602199999999999
1705572000,0.008602199999999999
1705575600,0.008602199999999999
1705579200,0.006129000000000001
1705582800,0.006129000000000001
1705586400,0.006129000000000001
1705590000,0.006129000000000001
1705593600,0.013014000000000001
1705597200,0.013014000000000001
1705600800,0.013014000000000001
1705604400,0.013014000000000001
1705608000,0.006628500000000001
1705611600,0.006628500000000001
1705615200,0.006628500000000001
1705618800,0.006628500000000001
1705622400,0.008121600000000001
1705626000,0.008121600000000001
1705629600,0.008121600000000001
1705633200,0.008121600000000001
1705636800,0.010260000000000002
1705640400,0.010260000000000002
1705644000,0.010260000000000002
1705647600,0.010260000000000002
1705651200,0.0108
1705654800,0.0108
1705658400,0.0108
1705662000,0.0108
1705665600,0.0066960000000000006
1705669200,0.0066960000000000006
1705672800,0.0066960000000000006
1705676400,0.0066960000000000006
1705680000,0.012395699999999999
1705683600,0.012395699999999999
1705687200,0.012395699999999999
1705690800,0.012395699999999999
1705694400,0.006488100000000001
1705698000,0.006488100000000001
1705701600,0.006488100000000001
1705705200,0.006488100000000001
1705708800,0.00864
1705712400,0.00864
1705716000,0.00864
1705719600,0.00864
1705723200,0.0083943
1705726800,0.0083943
1705730400,0.0083943
1705734000,0.0083943
1705737600,0.00702
1705741200,0.00702
1705744800,0.00702
1705748400,0.00702
1705752000,0.0068525999999999995
1705755600,0.0068525999999999995
1705759200,0.0068525999999999995
1705762800,0.0068525999999999995
1705766400,0.0070848000000000005
1705770000,0.0070848000000000005
1705773600,0.0070848000000000005
1705777200,0.0070848000000000005
1705780800,0.0075114000000000005
1705784400,0.0075114000000000005
1705788000,0.0075114000000000005
1705791600,0.0075114000000000005
1705795200,0.0107082
1705798800,0.0107082
1705802400,0.0107082
1705806000,0.0107082
1705809600,0.0104841
1705813200,0.0104841
1705816800,0.0104841
1705820400,0.0104841
1705824000,0.0101925
1705827600,0.0101925
1705831200,0.0101925
1705834800,0.0101925
1705838400,0.008612999999999999
1705842000,0.008612999999999999
1705845600,0.008612999999999999
1705849200,0.008612999999999999
1705852800,0.0092016
1705856400,0.0092016
1705860000,0.0092016
1705863600,0.0092016
1705867200,0.0080082
1705870800,0.0080082
1705874400,0.0080082
1705878000,0.0080082
1705881600,0.010748700000000002
1705885200,0.010748700000000002
1705888800,0.010748700000000002
1705892400,0.010748700000000002
1705896000,0.0109053
1705899600,0.0109053
1705903200,0.0109053
1705906800,0.0109053
1705910400,0.0101682
1705914000,0.0101682
1705917600,0.0101682
1705921200,0.0101682
1705924800,0.0086805
1705928400,0.0086805
1705932000,0.0086805
1705935600,0.0086805
1705939200,0.0117288
1705942800,0.0117288
1705946400,0.0117288
1705950000,0.0117288
1705953600,0.008475300000000002
1705957200,0.008475300000000002
1705960800,0.008475300000000002
1705964400,0.008475300000000002
1705968000,0.0135
1705971600,0.0135
1705975200,0.0135
1705978800,0.0135
1705982400,0.0142911
1705986000,0.0142911
1705989600,0.0142911
1705993200,0.0142911
1705996800,0.0101682
1706000400,0.0101682
1706004000,0.0101682
1706007600,0.0101682
1706011200,0.009706500000000002
1706014800,0.009706500000000002
1706018400,0.009706500000000002
1706022000,0.009706500000000002
1706025600,0.0106083
1706029200,0.0106083
1706032800,0.0106083
1706036400,0.0106083
1706040000,0.0100305
1706043600,0.0100305
1706047200,0.0100305
1706050800,0.0100305
1706054400,0.0161082
1706058000,0.0161082
1706061600,0.0161082
1706065200,0.0161082
1706068800,0.0145584
1706072400,0.0145584
1706076000,0.0145584
1706079600,0.0145584
1706083200,0.0106812
1706086800,0.0106812
1706090400,0.0106812
1706094000,0.0106812
1706097600,0.010181700000000002
1706101200,0.010181700000000002
1706104800,0.010181700000000002
1706108400,0.010181700000000002
1706112000,0.0124713
1706115600,0.0124713
1706119200,0.0124713
1706122800,0.0124713
1706126400,0.0108
1706130000,0.0108
1706133600,0.0108
1706137200,0.0108
1706140800,0.023301000000000002
1706144400,0.023301000000000002
1706148000,0.023301000000000002
1706151600,0.023301000000000002
1706155200,0.017712
1706158800,0.017712
1706162400,0.017712
1706166000,0.017712
1706169600,0.0086481
1706173200,0.0086481
1706176800,0.0086481
1706180400,0.0086481
1706184000,0.0086076
1706187600,0.0086076
1706191200,0.0086076
1706194800,0.0086076
1706198400,0.0111537
1706202000,0.0111537
1706205600,0.0111537
1706209200,0.0111537
1706212800,0.0081972
1706216400,0.0081972
1706220000,0.0081972
1706223600,0.0081972
1706227200,0.015927300000000002
1706230800,0.015927300000000002
1706234400,0.015927300000000002
1706238000,0.015927300000000002
1706241600,0.013151700000000002
1706245200,0.013151700000000002
1706248800,0.013151700000000002
1706252400,0.013151700000000002
1706256000,0.009571500000000002
1706259600,0.009571500000000002
1706263200,0.009571500000000002
1706266800,0.009571500000000002
1706270400,0.009320400000000001
1706274000,0.009320400000000001
1706277600,0.009320400000000001
1706281200,0.009320400000000001
1706284800,0.0124767
1706288400,0.0124767
1706292000,0.0124767
1706295600,0.0124767
1706299200,0.0094905
1706302800,0.0094905
1706306400,0.0094905
1706310000,0.0094905
1706313600,0.0146097
1706317200,0.0146097
1706320800,0.0146097
1706324400,0.0146097
1706328000,0.012762900000000002
1706331600,0.012762900000000002
1706335200,0.012762900000000002
1706338800,0.012762900000000002
1706342400,0.01188
1706346000,0.01188
1706349600,0.01188
1706353200,0.01188
1706356800,0.009485100000000002
1706360400,0.009485100000000002
1706364000,0.009485100000000002
1706367600,0.009485100000000002
1706371200,0.0093177
1706374800,0.0093177
1706378400,0.0093177
1706382000,0.0093177
1706385600,0.009179999999999999
1706389200,0.009179999999999999
1706392800,0.009179999999999999
1706396400,0.009179999999999999
1706400000,0.013092300000000001
1706403600,0.013092300000000001
1706407200,0.013092300000000001
1706410800,0.013092300000000001
1706414400,0.010921500000000002
1706418000,0.010921500000000002
1706421600,0.010921500000000002
1706425200,0.010921500000000002
1706428800,0.009728100000000002
1706432400,0.009728100000000002
1706436000,0.009728100000000002
1706439600,0.009728100000000002
1706443200,0.0126522
1706446800,0.0126522
1706450400,0.0126522
1706454000,0.0126522
1706457600,0.010497600000000003
1706461200,0.010497600000000003
1706464800,0.010497600000000003
1706468400,0.010497600000000003
1706472000,0.008677800000000001
1706475600,0.008677800000000001
1706479200,0.008677800000000001
1706482800,0.008677800000000001
1706486400,0.0110889
1706490000,0.0110889
1706493600,0.0110889
1706497200,0.0110889
1706500800,0.012960000000000001
1706504400,0.012960000000000001
1706508000,0.012960000000000001
1706511600,0.012960000000000001
1706515200,0.0083808
1706518800,0.0083808
1706522400,0.0083808
1706526000,0.0083808
1706529600,0.0079191
1706533200,0.0079191
1706536800,0.0079191
1706540400,0.0079191
1706544000,0.0102573
1706547600,0.0102573
1706551200,0.0102573
1706554800,0.0102573
1706558400,0.006631199999999999
1706562000,0.006631199999999999
1706565600,0.006631199999999999
1706569200,0.006631199999999999
1706572800,0.009630900000000001
1706576400,0.009630900000000001
1706580000,0.009630900000000001
1706583600,0.009630900000000001
1706587200,0.0105975
1706590800,0.0105975
1706594400,0.0105975
1706598000,0.0105975
1706601600,0.009069300000000002
1706605200,0.009069300000000002
1706608800,0.009069300000000002
1706612400,0.009069300000000002
1706616000,0.0080487
1706619600,0.0080487
1706623200,0.0080487
1706626800,0.0080487
1706630400,0.0108972
1706634000,0.0108972
1706637600,0.0108972
1706641200,0.0108972
1706644800,0.0064800000000000005
1706648400,0.0064800000000000005
1706652000,0.0064800000000000005
1706655600,0.0064800000000000005
1706659200,0.00891
1706662800,0.00891
1706666400,0.00891
1706670000,0.00891
1706673600,0.009725400000000002
1706677200,0.009725400000000002
1706680800,0.009725400000000002
1706684400,0.009725400000000002
1706688000,0.008602199999999999
1706691600,0.008602199999999999
1706695200,0.008602199999999999
1706698800,0.008602199999999999
1706702400,0.0082998
1706706000,0.0082998
1706709600,0.0082998
1706713200,0.0082998
1706716800,0.007290000000000001
1706720400,0.007290000000000001
1706724000,0.007290000000000001
1706727600,0.007290000000000001
1706731200,0.007071300000000001
1706734800,0.007071300000000001
1706738400,0.007071300000000001
1706742000,0.007071300000000001
1706745600,0.008553600000000001
1706749200,0.008553600000000001
1706752800,0.008553600000000001
1706756400,0.008553600000000001
1706760000,0.0091044
1706763600,0.0091044
1706767200,0.0091044
1706770800,0.0091044
1706774400,0.0076518
1706778000,0.0076518
1706781600,0.0076518
1706785200,0.0076518
1706788800,0.0072522
1706792400,0.0072522
1706796000,0.0072522
1706799600,0.0072522
1706803200,0.007014600000000001
1706806800,0.007014600000000001
1706810400,0.007014600000000001
1706814000,0.007014600000000001
1706817600,0.007117200000000001
1706821200,0.007117200000000001
1706824800,0.007117200000000001
1706828400,0.007117200000000001
1706832000,0.008100000000000001
1706835600,0.008100000000000001
1706839200,0.008100000000000001
1706842800,0.008100000000000001
1706846400,0.0110592
1706850000,0.0110592
1706853600,0.0110592
1706857200,0.0110592
1706860800,0.008856
1706864400,0.008856
1706868000,0.008856
1706871600,0.008856
1706875200,0.008046000000000001
1706878800,0.008046000000000001
1706882400,0.008046000000000001
1706886000,0.008046000000000001
1706889600,0.0068823
1706893200,0.0068823
1706896800,0.0068823
1706900400,0.0068823
1706904000,0.0071523
1706907600,0.0071523
1706911200,0.0071523
1706914800,0.0071523
1706918400,0.021046500000000003
1706922000,0.021046500000000003
1706925600,0.021046500000000003
1706929200,0.021046500000000003
1706932800,0.0229176
1706936400,0.0229176
1706940000,0.0229176
1706943600,0.0229176
1706947200,0.015120000000000001
1706950800,0.015120000000000001
1706954400,0.015120000000000001
1706958000,0.015120000000000001
1706961600,0.02025
1706965200,0.02025
1706968800,0.02025
1706972400,0.02025
1706976000,0.013459500000000003
1706979600,0.013459500000000003
1706983200,0.013459500000000003
1706986800,0.013459500000000003
1706990400,0.015120000000000001
1706994000,0.015120000000000001
1706997600,0.015120000000000001
1707001200,0.015120000000000001
1707004800,0.017415000000000003
1707008400,0.017415000000000003
1707012000,0.017415000000000003
1707015600,0.017415000000000003
1707019200,0.015228
1707022800,0.015228
1707026400,0.015228
1707030000,0.015228
1707033600,0.009900900000000002
1707037200,0.009900900000000002
1707040800,0.009900900000000002
1707044400,0.009900900000000002
1707048000,0.0088641
1707051600,0.0088641
1707055200,0.0088641
1707058800,0.0088641
1707062400,0.010260000000000002
1707066000,0.010260000000000002
1707069600,0.010260000000000002
1707073200,0.010260000000000002
1707076800,0.0082809
1707080400,0.0082809
1707084000,0.0082809
1707087600,0.0082809
1707091200,0.015282000000000002
1707094800,0.015282000000000002
1707098400,0.015282000000000002
1707102000,0.015282000000000002
1707105600,0.014904000000000002
1707109200,0.014904000000000002
1707112800,0.014904000000000002
1707116400,0.014904000000000002
1707120000,0.010260000000000002
1707123600,0.010260000000000002
1707127200,0.010260000000000002
1707130800,0.010260000000000002
1707134400,0.010449000000000002
1707138000,0.010449000000000002
1707141600,0.010449000000000002
1707145200,0.010449000000000002
1707148800,0.010260000000000002
1707152400,0.010260000000000002
1707156000,0.010260000000000002
1707159600,0.010260000000000002
1707163200,0.0091557
1707166800,0.0091557
1707170400,0.0091557
1707174000,0.0091557
1707177600,0.015120000000000001
1707181200,0.015120000000000001
1707184800,0.015120000000000001
1707188400,0.015120000000000001
1707192000,0.015228
1707195600,0.015228
1707199200,0.015228
1707202800,0.015228
1707206400,0.010368
1707210000,0.010368
1707213600,0.010368
1707217200,0.010368
1707220800,0.009720000000000001
1707224400,0.009720000000000001
1707228000,0.009720000000000001
1707231600,0.009720000000000001
1707235200,0.010883700000000001
1707238800,0.010883700000000001
1707242400,0.010883700000000001
1707246000,0.010883700000000001
1707249600,0.0086697
1707253200,0.0086697
1707256800,0.0086697
1707260400,0.0086697
1707264000,0.015022800000000001
1707267600,0.015022800000000001
1707271200,0.015022800000000001
1707274800,0.015022800000000001
1707278400,0.014525999999999999
1707282000,0.014525999999999999
1707285600,0.014525999999999999
1707289200,0.014525999999999999
1707292800,0.007670700000000001
1707296400,0.007670700000000001
1707300000,0.007670700000000001
1707303600,0.007670700000000001
1707307200,0.00864
1707310800,0.00864
1707314400,0.00864
1707318000,0.00864
1707321600,0.010368
1707325200,0.010368
1707328800,0.010368
1707332400,0.010368
1707336000,0.007044300000000001
1707339600,0.007044300000000001
1707343200,0.007044300000000001
1707346800,0.007044300000000001
1707350400,0.008100000000000001
1707354000,0.008100000000000001
1707357600,0.008100000000000001
1707361200,0.008100000000000001
1707364800,0.0104733
1707368400,0.0104733
1707372000,0.0104733
1707375600,0.0104733
1707379200,0.008100000000000001
1707382800,0.008100000000000001
1707386400,0.008100000000000001
1707390000,0.008100000000000001
1707393600,0.00594
1707397200,0.00594
1707400800,0.00594
1707404400,0.00594
1707408000,0.0081972
1707411600,0.0081972
1707415200,0.0081972
1707418800,0.0081972
1707422400,0.007886700000000002
1707426000,0.007886700000000002
1707429600,0.007886700000000002
1707433200,0.007886700000000002
1707436800,0.0108
1707440400,0.0108
1707444000,0.0108
1707447600,0.0108
1707451200,0.0107325
1707454800,0.0107325
1707458400,0.0107325
1707462000,0.0107325
1707465600,0.007560000000000001
1707469200,0.007560000000000001
1707472800,0.007560000000000001
1707476400,0.007560000000000001
1707480000,0.007460100000000001
1707483600,0.007460100000000001
1707487200,0.007460100000000001
1707490800,0.007460100000000001
1707494400,0.0090585
1707498000,0.0090585
1707501600,0.0090585
1707505200,0.0090585
1707508800,0.00702
1707512400,0.00702
1707516000,0.00702
1707519600,0.00702
1707523200,0.0096687
1707526800,0.0096687
1707530400,0.0096687
1707534000,0.0096687
1707537600,0.009720000000000001
1707541200,0.009720000000000001
1707544800,0.009720000000000001
1707548400,0.009720000000000001
1707552000,0.00675
1707555600,0.00675
1707559200,0.00675
1707562800,0.00675
1707566400,0.007230600000000001
1707570000,0.007230600000000001
1707573600,0.007230600000000001
1707577200,0.007230600000000001
1707580800,0.007560000000000001
1707584400,0.007560000000000001
1707588000,0.007560000000000001
1707591600,0.007560000000000001
1707595200,0.0062397
1707598800,0.0062397
1707602400,0.0062397
1707606000,0.0062397
1707609600,0.010287000000000001
1707613200,0.010287000000000001
1707616800,0.010287000000000001
1707620400,0.010287000000000001
1707624000,0.009366300000000001
1707627600,0.009366300000000001
1707631200,0.009366300000000001
1707634800,0.009366300000000001
1707638400,0.007884
1707642000,0.007884
1707645600,0.007884
1707649200,0.007884
1707652800,0.00675
1707656400,0.00675
1707660000,0.00675
1707663600,0.00675
1707667200,0.0085941
1707670800,0.0085941
1707674400,0.0085941
1707678000,0.0085941
1707681600,0.005724
1707685200,0.005724
1707688800,0.005724
1707692400,0.005724
1707696000,0.009765900000000001
1707699600,0.009765900000000001
1707703200,0.009765900000000001
1707706800,0.009765900000000001
1707710400,0.009576900000000001
1707714000,0.009576900000000001
1707717600,0.009576900000000001
1707721200,0.009576900000000001
1707724800,0.006914700000000001
1707728400,0.006914700000000001
1707732000,0.006914700000000001
1707735600,0.006914700000000001
1707739200,0.006228900000000001
1707742800,0.006228900000000001
1707746400,0.006228900000000001
1707750000,0.006228900000000001
1707753600,0.009450000000000002
1707757200,0.009450000000000002
1707760800,0.009450000000000002
1707764400,0.009450000000000002
1707768000,0.005510700000000001
1707771600,0.005510700000000001
1707775200,0.005510700000000001
1707778800,0.005510700000000001
1707782400,0.008985600000000002
1707786000,0.008985600000000002
1707789600,0.008985600000000002
1707793200,0.008985600000000002
1707796800,0.009838800000000002
1707800400,0.009838800000000002
1707804000,0.009838800000000002
1707807600,0.009838800000000002
1707811200,0.0080163
1707814800,0.0080163
1707818400,0.0080163
1707822000,0.0080163
1707825600,0.008100000000000001
1707829200,0.008100000000000001
1707832800,0.008100000000000001
1707836400,0.008100000000000001
1707840000,0.010260000000000002
1707843600,0.010260000000000002
1707847200,0.010260000000000002
1707850800,0.010260000000000002
1707854400,0.0053136
1707858000,0.0053136
1707861600,0.0053136
1707865200,0.0053136
1707868800,0.008100000000000001
1707872400,0.008100000000000001
1707876000,0.008100000000000001
1707879600,0.008100000000000001
1707883200,0.0083403
1707886800,0.0083403
1707890400,0.0083403
1707894000,0.0083403
1707897600,0.0071712
1707901200,0.0071712
1707904800,0.0071712
1707908400,0.0071712
1707912000,0.005859
1707915600,0.005859
1707919200,0.005859
1707922800,0.005859
1707926400,0.007902900000000001
1707930000,0.007902900000000001
1707933600,0.007902900000000001
1707937200,0.007902900000000001
1707940800,0.005157000000000001
1707944400,0.005157000000000001
1707948000,0.005157000000000001
1707951600,0.005157000000000001
1707955200,0.007344000000000001
1707958800,0.007344000000000001
1707962400,0.007344000000000001
1707966000,0.007344000000000001
1707969600,0.007344000000000001
1707973200,0.007344000000000001
1707976800,0.007344000000000001
1707980400,0.007344000000000001
1707984000,0.00594
1707987600,0.00594
1707991200,0.00594
1707994800,0.00594
1707998400,0.004997700000000001
1708002000,0.004997700000000001
1708005600,0.004997700000000001
1708009200,0.004997700000000001
1708012800,0.007824600000000001
1708016400,0.007824600000000001
1708020000,0.007824600000000001
1708023600,0.007824600000000001
1708027200,0.004968
1708030800,0.004968
1708034400,0.004968
1708038000,0.004968
1708041600,0.0066501
1708045200,0.0066501
1708048800,0.0066501
1708052400,0.0066501
1708056000,0.006914700000000001
1708059600,0.006914700000000001
1708063200,0.006914700000000001
1708066800,0.006914700000000001
1708070400,0.006083100000000001
1708074000,0.006083100000000001
1708077600,0.006083100000000001
1708081200,0.006083100000000001
1708084800,0.005003100000000001
1708088400,0.005003100000000001
1708092000,0.005003100000000001
1708095600,0.005003100000000001
1708099200,0.0074952000000000005
1708102800,0.0074952000000000005
1708106400,0.0074952000000000005
1708110000,0.0074952000000000005
1708113600,0.004968
1708117200,0.004968
1708120800,0.004968
1708124400,0.004968
1708128000,0.006617700000000001
1708131600,0.006617700000000001
1708135200,0.006617700000000001
1708138800,0.006617700000000001
1708142400,0.006048
1708146000,0.006048
1708149600,0.006048
1708153200,0.006048
1708156800,0.005157000000000001
1708160400,0.005157000000000001
1708164000,0.005157000000000001
1708167600,0.005157000000000001
1708171200,0.00567
1708174800,0.00567
1708178400,0.00567
1708182000,0.00567
1708185600,0.005429700000000001
1708189200,0.005429700000000001
1708192800,0.005429700000000001
1708196400,0.005429700000000001
1708200000,0.0046791
1708203600,0.0046791
1708207200,0.0046791
1708210800,0.0046791
1708214400,0.0061344
1708218000,0.0061344
1708221600,0.0061344
1708225200,0.0061344
1708228800,0.00675
1708232400,0.00675
1708236000,0.00675
1708239600,0.00675
1708243200,0.0079191
1708246800,0.0079191
1708250400,0.0079191
1708254000,0.0079191
1708257600,0.009504000000000002
1708261200,0.009504000000000002
1708264800,0.009504000000000002
1708268400,0.009504000000000002
1708272000,0.0063072
1708275600,0.0063072
1708279200,0.0063072
1708282800,0.0063072
1708286400,0.004968
1708290000,0.004968
1708293600,0.004968
1708297200,0.004968
1708300800,0.00675
1708304400,0.00675
1708308000,0.00675
1708311600,0.00675
1708315200,0.0064800000000000005
1708318800,0.0064800000000000005
1708322400,0.0064800000000000005
1708326000,0.0064800000000000005
1708329600,0.0063072
1708333200,0.0063072
1708336800,0.0063072
1708340400,0.0063072
1708344000,0.0068472
1708347600,0.0068472
1708351200,0.0068472
1708354800,0.0068472
1708358400,0.008532000000000001
1708362000,0.008532000000000001
1708365600,0.008532000000000001
1708369200,0.008532000000000001
1708372800,0.005157000000000001
1708376400,0.005157000000000001
1708380000,0.005157000000000001
1708383600,0.005157000000000001
1708387200,0.007965000000000002
1708390800,0.007965000000000002
1708394400,0.007965000000000002
1708398000,0.007965000000000002
1708401600,0.007344000000000001
1708405200,0.007344000000000001
1708408800,0.007344000000000001
1708412400,0.007344000000000001
1708416000,0.007670700000000001
1708419600,0.007670700000000001
1708423200,0.007670700000000001
1708426800,0.007670700000000001
1708430400,0.008856
1708434000,0.008856
1708437600,0.008856
1708441200,0.008856
1708444800,0.009166500000000001
1708448400,0.009166500000000001
1708452000,0.009166500000000001
1708455600,0.009166500000000001
1708459200,0.005157000000000001
1708462800,0.005157000000000001
1708466400,0.005157000000000001
1708470000,0.005157000000000001
1708473600,0.011858400000000002
1708477200,0.011858400000000002
1708480800,0.011858400000000002
1708484400,0.011858400000000002
1708488000,0.0097902
1708491600,0.0097902
1708495200,0.0097902
1708498800,0.0097902
1708502400,0.0079272
1708506000,0.0079272
1708509600,0.0079272
1708513200,0.0079272
1708516800,0.008208
1708520400,0.008208
1708524000,0.008208
1708527600,0.008208
1708531200,0.0086913
1708534800,0.0086913
1708538400,0.0086913
1708542000,0.0086913
1708545600,0.0061992
1708549200,0.0061992
1708552800,0.0061992
1708556400,0.0061992
1708560000,0.0105003
1708563600,0.0105003
1708567200,0.0105003
1708570800,0.0105003
1708574400,0.010467900000000002
1708578000,0.010467900000000002
1708581600,0.010467900000000002
1708585200,0.010467900000000002
1708588800,0.0064800000000000005
1708592400,0.0064800000000000005
1708596000,0.0064800000000000005
1708599600,0.0064800000000000005
1708603200,0.008737199999999999
1708606800,0.008737199999999999
1708610400,0.008737199999999999
1708614000,0.008737199999999999
1708617600,0.009466200000000001
1708621200,0.009466200000000001
1708624800,0.009466200000000001
1708628400,0.009466200000000001
1708632000,0.012042000000000002
1708635600,0.012042000000000002
1708639200,0.012042000000000002
1708642800,0.012042000000000002
1708646400,0.015012000000000003
1708650000,0.015012000000000003
1708653600,0.015012000000000003
1708657200,0.015012000000000003
1708660800,0.017849700000000003
1708664400,0.017849700000000003
1708668000,0.017849700000000003
1708671600,0.017849700000000003
1708675200,0.00864
1708678800,0.00864
1708682400,0.00864
1708686000,0.00864
1708689600,0.0109377
1708693200,0.0109377
1708696800,0.0109377
1708700400,0.0109377
1708704000,0.009296100000000002
1708707600,0.009296100000000002
1708711200,0.009296100000000002
1708714800,0.009296100000000002
1708718400,0.00864
1708722000,0.00864
1708725600,0.00864
1708729200,0.00864
1708732800,0.012798
1708736400,0.012798
1708740000,0.012798
1708743600,0.012798
1708747200,0.013257000000000001
1708750800,0.013257000000000001
1708754400,0.013257000000000001
1708758000,0.013257000000000001
1708761600,0.008823600000000001
1708765200,0.008823600000000001
1708768800,0.008823600000000001
1708772400,0.008823600000000001
1708776000,0.0112482
1708779600,0.0112482
1708783200,0.0112482
1708786800,0.0112482
1708790400,0.007992
1708794000,0.007992
1708797600,0.007992
1708801200,0.007992
1708804800,0.00864
1708808400,0.00864
1708812000,0.00864
1708815600,0.00864
1708819200,0.012096
1708822800,0.012096
1708826400,0.012096
1708830000,0.012096
1708833600,0.0086292
1708837200,0.0086292
1708840800,0.0086292
1708844400,0.0086292
1708848000,0.009255600000000001
1708851600,0.009255600000000001
1708855200,0.009255600000000001
1708858800,0.009255600000000001
1708862400,0.0112347
1708866000,0.0112347
1708869600,0.0112347
1708873200,0.0112347
1708876800,0.008559
1708880400,0.008559
1708884000,0.008559
1708887600,0.008559
1708891200,0.0075384000000000015
1708894800,0.0075384000000000015
1708898400,0.0075384000000000015
1708902000,0.0075384000000000015
1708905600,0.0069741
1708909200,0.0069741
1708912800,0.0069741
1708916400,0.0069741
1708920000,0.00864
1708923600,0.00864
1708927200,0.00864
1708930800,0.00864
1708934400,0.00594
1708938000,0.00594
1708941600,0.00594
1708945200,0.00594
1708948800,0.0075572999999999994
1708952400,0.0075572999999999994
1708956000,0.0075572999999999994
1708959600,0.0075572999999999994
1708963200,0.0078651
1708966800,0.0078651
1708970400,0.0078651
1708974000,0.0078651
1708977600,0.005518800000000001
1708981200,0.005518800000000001
1708984800,0.005518800000000001
1708988400,0.005518800000000001
1708992000,0.005184
1708995600,0.005184
1708999200,0.005184
1709002800,0.005184
1709006400,0.004968
1709010000,0.004968
1709013600,0.004968
1709017200,0.004968
1709020800,0.005130000000000001
1709024400,0.005130000000000001
1709028000,0.005130000000000001
1709031600,0.005130000000000001
1709035200,0.005130000000000001
1709038800,0.005130000000000001
1709042400,0.005130000000000001
1709046000,0.005130000000000001
1709049600,0.009396
1709053200,0.009396
1709056800,0.009396
1709060400,0.009396
1709064000,0.004968
1709067600,0.004968
1709071200,0.004968
1709074800,0.004968
1709078400,0.0051786
1709082000,0.0051786
1709085600,0.0051786
1709089200,0.0051786
1709092800,0.005157000000000001
1709096400,0.005157000000000001
1709100000,0.005157000000000001
1709103600,0.005157000000000001
1709107200,0.005832
1709110800,0.005832
1709114400,0.005832
1709118000,0.005832
1709121600,0.0051489000000000005
1709125200,0.0051489000000000005
1709128800,0.0051489000000000005
1709132400,0.0051489000000000005
1709136000,0.014904000000000002
1709139600,0.014904000000000002
1709143200,0.014904000000000002
1709146800,0.014904000000000002
1709150400,0.004968
1709154000,0.004968
1709157600,0.004968
1709161200,0.004968
1709164800,0.018359999999999998
1709168400,0.018359999999999998
1709172000,0.018359999999999998
1709175600,0.018359999999999998
1709179200,0.0146394
1709182800,0.0146394
1709186400,0.0146394
1709190000,0.0146394
1709193600,0.009720000000000001
1709197200,0.009720000000000001
1709200800,0.009720000000000001
1709204400,0.009720000000000001
1709208000,0.014580000000000003
1709211600,0.014580000000000003
1709215200,0.014580000000000003
1709218800,0.014580000000000003
1709222400,0.0123336
1709226000,0.0123336
1709229600,0.0123336
1709233200,0.0123336
1709236800,0.010935
1709240400,0.010935
1709244000,0.010935
1709247600,0.010935
1709251200,0.0071010000000000005
1709254800,0.0071010000000000005
1709258400,0.0071010000000000005
1709262000,0.0071010000000000005
1709265600,0.006210000000000001
1709269200,0.006210000000000001
1709272800,0.006210000000000001
1709276400,0.006210000000000001
1709280000,0.006372000000000001
1709283600,0.006372000000000001
1709287200,0.006372000000000001
1709290800,0.006372000000000001
1709294400,0.006596100000000001
1709298000,0.006596100000000001
1709301600,0.006596100000000001
1709305200,0.006596100000000001
1709308800,0.007138800000000001
1709312400,0.007138800000000001
1709316000,0.007138800000000001
1709319600,0.007138800000000001
1709323200,0.0064800000000000005
1709326800,0.0064800000000000005
1709330400,0.0064800000000000005
1709334000,0.0064800000000000005
1709337600,0.0057672
1709341200,0.0057672
1709344800,0.0057672
1709348400,0.0057672
1709352000,0.005643
1709355600,0.005643
1709359200,0.005643
1709362800,0.005643
1709366400,0.0055755
1709370000,0.0055755
1709373600,0.0055755
1709377200,0.0055755
1709380800,0.005859
1709384400,0.005859
1709388000,0.005859
1709391600,0.005859
1709395200,0.005918400000000001
1709398800,0.005918400000000001
1709402400,0.005918400000000001
1709406000,0.005918400000000001
1709409600,0.005157000000000001
1709413200,0.005157000000000001
1709416800,0.005157000000000001
1709420400,0.005157000000000001
1709424000,0.006034500000000001
1709427600,0.006034500000000001
1709431200,0.006034500000000001
1709434800,0.006034500000000001
1709438400,0.0053865
1709442000,0.0053865
1709445600,0.0053865
1709449200,0.0053865
1709452800,0.00675
1709456400,0.00675
1709460000,0.00675
1709463600,0.00675
1709467200,0.007878600000000001
1709470800,0.007878600000000001
1709474400,0.007878600000000001
1709478000,0.007878600000000001
1709481600,0.007578900000000001
1709485200,0.007578900000000001
1709488800,0.007578900000000001
1709492400,0.007578900000000001
1709496000,0.0050922
1709499600,0.0050922
1709503200,0.0050922
1709506800,0.0050922
1709510400,0.0060129
1709514000,0.0060129
1709517600,0.0060129
1709521200,0.0060129
1709524800,0.006185700000000001
1709528400,0.006185700000000001
1709532000,0.006185700000000001
1709535600,0.006185700000000001
1709539200,0.0075384000000000015
1709542800,0.0075384000000000015
1709546400,0.0075384000000000015
1709550000,0.0075384000000000015
1709553600,0.00594
1709557200,0.00594
1709560800,0.00594
1709564400,0.00594
1709568000,0.009973800000000001
1709571600,0.009973800000000001
1709575200,0.009973800000000001
1709578800,0.009973800000000001
1709582400,0.0049275000000000005
1709586000,0.0049275000000000005
1709589600,0.0049275000000000005
1709593200,0.0049275000000000005
1709596800,0.0060723
1709600400,0.0060723
1709604000,0.0060723
1709607600,0.0060723
1709611200,0.005697000000000001
1709614800,0.005697000000000001
1709618400,0.005697000000000001
1709622000,0.005697000000000001
1709625600,0.005721300000000001
1709629200,0.005721300000000001
1709632800,0.005721300000000001
1709636400,0.005721300000000001
1709640000,0.005157000000000001
1709643600,0.005157000000000001
1709647200,0.005157000000000001
1709650800,0.005157000000000001
1709654400,0.010557
1709658000,0.010557
1709661600,0.010557
1709665200,0.010557
1709668800,0.004968
1709672400,0.004968
1709676000,0.004968
1709679600,0.004968
1709683200,0.004968
1709686800,0.004968
1709690400,0.004968
1709694000,0.004968
1709697600,0.005302800000000001
1709701200,0.005302800000000001
1709704800,0.005302800000000001
1709708400,0.005302800000000001
1709712000,0.005157000000000001
1709715600,0.005157000000000001
1709719200,0.005157000000000001
1709722800,0.005157000000000001
1709726400,0.005157000000000001
1709730000,0.005157000000000001
1709733600,0.005157000000000001
1709737200,0.005157000000000001
1709740800,0.010260000000000002
1709744400,0.010260000000000002
1709748000,0.010260000000000002
1709751600,0.010260000000000002
1709755200,0.004860000000000001
1709758800,0.004860000000000001
1709762400,0.004860000000000001
1709766000,0.004860000000000001
1709769600,0.0054
1709773200,0.0054
1709776800,0.0054
1709780400,0.0054
1709784000,0.0059211
1709787600,0.0059211
1709791200,0.0059211
1709794800,0.0059211
1709798400,0.0073737
1709802000,0.0073737
1709805600,0.0073737
1709809200,0.0073737
1709812800,0.008235000000000001
1709816400,0.008235000000000001
1709820000,0.008235000000000001
1709823600,0.008235000000000001
1709827200,0.010260000000000002
1709830800,0.010260000000000002
1709834400,0.010260000000000002
1709838000,0.010260000000000002
1709841600,0.004968
1709845200,0.004968
1709848800,0.004968
1709852400,0.004968
1709856000,0.0054
1709859600,0.0054
1709863200,0.0054
1709866800,0.0054
1709870400,0.0065583
1709874000,0.0065583
1709877600,0.0065583
1709881200,0.0065583
1709884800,0.0074493
1709888400,0.0074493
1709892000,0.0074493
1709895600,0.0074493
1709899200,0.01134
1709902800,0.01134
1709906400,0.01134
1709910000,0.01134
1709913600,0.0096822
1709917200,0.0096822
1709920800,0.0096822
1709924400,0.0096822
1709928000,0.005454
1709931600,0.005454
1709935200,0.005454
1709938800,0.005454
1709942400,0.006010200000000001
1709946000,0.006010200000000001
1709949600,0.006010200000000001
1709953200,0.006010200000000001
1709956800,0.00594
1709960400,0.00594
1709964000,0.00594
1709967600,0.00594
1709971200,0.010638
1709974800,0.010638
1709978400,0.010638
1709982000,0.010638
1709985600,0.014580000000000003
1709989200,0.014580000000000003
1709992800,0.014580000000000003
1709996400,0.014580000000000003
1710000000,0.010197900000000001
1710003600,0.010197900000000001
1710007200,0.010197900000000001
1710010800,0.010197900000000001
1710014400,0.0074843999999999996
1710018000,0.0074843999999999996
1710021600,0.0074843999999999996
1710025200,0.0074843999999999996
1710028800,0.0073926
1710032400,0.0073926
1710036000,0.0073926
1710039600,0.0073926
1710043200,0.0064800000000000005
1710046800,0.0064800000000000005
1710050400,0.0064800000000000005
1710054000,0.0064800000000000005
1710057600,0.0108
1710061200,0.0108
1710064800,0.0108
1710068400,0.0108
1710072000,0.015012000000000003
1710075600,0.015012000000000003
1710079200,0.015012000000000003
1710082800,0.015012000000000003
1710086400,0.010208700000000003
1710090000,0.010208700000000003
1710093600,0.010208700000000003
1710097200,0.010208700000000003
1710100800,0.00675
1710104400,0.00675
1710108000,0.00675
1710111600,0.00675
1710115200,0.0095904
1710118800,0.0095904
1710122400,0.0095904
1710126000,0.0095904
1710129600,0.0074682
1710133200,0.0074682
1710136800,0.0074682
1710140400,0.0074682
1710144000,0.009179999999999999
1710147600,0.009179999999999999
1710151200,0.009179999999999999
1710154800,0.009179999999999999
1710158400,0.010683900000000001
1710162000,0.010683900000000001
1710165600,0.010683900000000001
1710169200,0.010683900000000001
1710172800,0.010875600000000001
1710176400,0.010875600000000001
1710180000,0.010875600000000001
1710183600,0.010875600000000001
1710187200,0.005697000000000001
1710190800,0.005697000000000001
1710194400,0.005697000000000001
1710198000,0.005697000000000001
1710201600,0.005265000000000001
1710205200,0.005265000000000001
1710208800,0.005265000000000001
1710212400,0.005265000000000001
1710216000,0.006760800000000001
1710219600,0.006760800000000001
1710223200,0.006760800000000001
1710226800,0.006760800000000001
1710230400,0.009179999999999999
1710234000,0.009179999999999999
1710237600,0.009179999999999999
1710241200,0.009179999999999999
1710244800,0.008073
1710248400,0.008073
1710252000,0.008073
1710255600,0.008073
1710259200,0.011232
1710262800,0.011232
1710266400,0.011232
1710270000,0.011232
1710273600,0.005832
1710277200,0.005832
1710280800,0.005832
1710284400,0.005832
1710288000,0.005424300000000001
1710291600,0.005424300000000001
1710295200,0.005424300000000001
1710298800,0.005424300000000001
1710302400,0.006372000000000001
1710306000,0.006372000000000001
1710309600,0.006372000000000001
1710313200,0.006372000000000001
1710316800,0.005967000000000001
1710320400,0.005967000000000001
1710324000,0.005967000000000001
1710327600,0.005967000000000001
1710331200,0.006507000000000001
1710334800,0.006507000000000001
1710338400,0.006507000000000001
1710342000,0.006507000000000001
1710345600,0.0113427
1710349200,0.0113427
1710352800,0.0113427
1710356400,0.0113427
1710360000,0.005157000000000001
1710363600,0.005157000000000001
1710367200,0.005157000000000001
1710370800,0.005157000000000001
1710374400,0.005794200000000001
1710378000,0.005794200000000001
1710381600,0.005794200000000001
1710385200,0.005794200000000001
1710388800,0.0059886
1710392400,0.0059886
1710396000,0.0059886
1710399600,0.0059886
1710403200,0.0073926
1710406800,0.0073926
1710410400,0.0073926
1710414000,0.0073926
1710417600,0.0066744000000000005
1710421200,0.0066744000000000005
1710424800,0.0066744000000000005
1710428400,0.0066744000000000005
1710432000,0.0104841
1710435600,0.0104841
1710439200,0.0104841
1710442800,0.0104841
1710446400,0.005157000000000001
1710450000,0.005157000000000001
1710453600,0.005157000000000001
1710457200,0.005157000000000001
1710460800,0.005157000000000001
1710464400,0.005157000000000001
1710468000,0.005157000000000001
1710471600,0.005157000000000001
1710475200,0.005157000000000001
1710478800,0.005157000000000001
1710482400,0.005157000000000001
1710486000,0.005157000000000001
1710489600,0.006998400000000001
1710493200,0.006998400000000001
1710496800,0.006998400000000001
1710500400,0.006998400000000001
1710504000,0.008229600000000002
1710507600,0.008229600000000002
1710511200,0.008229600000000002
1710514800,0.008229600000000002
1710518400,0.009179999999999999
1710522000,0.009179999999999999
1710525600,0.009179999999999999
1710529200,0.009179999999999999
1710532800,0.0051408
1710536400,0.0051408
1710540000,0.0051408
1710543600,0.0051408
1710547200,0.0057159
1710550800,0.0057159
1710554400,0.0057159
1710558000,0.0057159
1710561600,0.0060129
1710565200,0.0060129
1710568800,0.0060129
1710572400,0.0060129
1710576000,0.007346700000000001
1710579600,0.007346700000000001
1710583200,0.007346700000000001
1710586800,0.007346700000000001
1710590400,0.0106812
1710594000,0.0106812
1710597600,0.0106812
1710601200,0.0106812
1710604800,0.009720000000000001
1710608400,0.009720000000000001
1710612000,0.009720000000000001
1710615600,0.009720000000000001
1710619200,0.0050057999999999995
1710622800,0.0050057999999999995
1710626400,0.0050057999999999995
1710630000,0.0050057999999999995
1710633600,0.0079596
1710637200,0.0079596
1710640800,0.0079596
1710644400,0.0079596
1710648000,0.006912000000000001
1710651600,0.006912000000000001
1710655200,0.006912000000000001
1710658800,0.006912000000000001
1710662400,0.009720000000000001
1710666000,0.009720000000000001
1710669600,0.009720000000000001
1710673200,0.009720000000000001
1710676800,0.0122985
1710680400,0.0122985
1710684000,0.0122985
1710687600,0.0122985
1710691200,0.008510400000000001
1710694800,0.008510400000000001
1710698400,0.008510400000000001
1710702000,0.008510400000000001
1710705600,0.005589
1710709200,0.005589
1710712800,0.005589
1710716400,0.005589
1710720000,0.00702
1710723600,0.00702
1710727200,0.00702
1710730800,0.00702
1710734400,0.00702
1710738000,0.00702
1710741600,0.00702
1710745200,0.00702
1710748800,0.007911
1710752400,0.007911
1710756000,0.007911
1710759600,0.007911
1710763200,0.0081621
1710766800,0.0081621
1710770400,0.0081621
1710774000,0.0081621
1710777600,0.010530000000000001
1710781200,0.010530000000000001
1710784800,0.010530000000000001
1710788400,0.010530000000000001
1710792000,0.0054
1710795600,0.0054
1710799200,0.0054
1710802800,0.0054
1710806400,0.007047
1710810000,0.007047
1710813600,0.007047
1710817200,0.007047
1710820800,0.005616
1710824400,0.005616
1710828000,0.005616
1710831600,0.005616
1710835200,0.007765200000000001
1710838800,0.007765200000000001
1710842400,0.007765200000000001
1710846000,0.007765200000000001
1710849600,0.008100000000000001
1710853200,0.008100000000000001
1710856800,0.008100000000000001
1710860400,0.008100000000000001
1710864000,0.0106812
1710867600,0.0106812
1710871200,0.0106812
1710874800,0.0106812
1710878400,0.00567
1710882000,0.00567
1710885600,0.00567
1710889200,0.00567
1710892800,0.00567
1710896400,0.00567
1710900000,0.00567
1710903600,0.00567
1710907200,0.006210000000000001
1710910800,0.006210000000000001
1710914400,0.006210000000000001
1710918000,0.006210000000000001
1710921600,0.0084024
1710925200,0.0084024
1710928800,0.0084024
1710932400,0.0084024
1710936000,0.009369000000000002
1710939600,0.009369000000000002
1710943200,0.009369000000000002
1710946800,0.009369000000000002
1710950400,0.015012000000000003
1710954000,0.015012000000000003
1710957600,0.015012000000000003
1710961200,0.015012000000000003
1710964800,0.0061263
1710968400,0.0061263
1710972000,0.0061263
1710975600,0.0061263
1710979200,0.0055215
1710982800,0.0055215
1710986400,0.0055215
1710990000,0.0055215
1710993600,0.0064800000000000005
1710997200,0.0064800000000000005
1711000800,0.0064800000000000005
1711004400,0.0064800000000000005
1711008000,0.0096525
1711011600,0.0096525
1711015200,0.0096525
1711018800,0.0096525
1711022400,0.009207
1711026000,0.009207
1711029600,0.009207
1711033200,0.009207
1711036800,0.01404
1711040400,0.01404
1711044000,0.01404
1711047600,0.01404
1711051200,0.006507000000000001
1711054800,0.006507000000000001
1711058400,0.006507000000000001
1711062000,0.006507000000000001
1711065600,0.0054161999999999995
1711069200,0.0054161999999999995
1711072800,0.0054161999999999995
1711076400,0.0054161999999999995
1711080000,0.0073062000000000005
1711083600,0.0073062000000000005
1711087200,0.0073062000000000005
1711090800,0.0073062000000000005
1711094400,0.009809100000000001
1711098000,0.009809100000000001
1711101600,0.009809100000000001
1711105200,0.009809100000000001
1711108800,0.0086589
1711112400,0.0086589
1711116000,0.0086589
1711119600,0.0086589
1711123200,0.013770000000000001
1711126800,0.013770000000000001
1711130400,0.013770000000000001
1711134000,0.013770000000000001
1711137600,0.006723
1711141200,0.006723
1711144800,0.006723
1711148400,0.006723
1711152000,0.005489099999999999
1711155600,0.005489099999999999
1711159200,0.005489099999999999
1711162800,0.005489099999999999
1711166400,0.00702
1711170000,0.00702
1711173600,0.00702
1711177200,0.00702
1711180800,0.012096
1711184400,0.012096
1711188000,0.012096
1711191600,0.012096
1711195200,0.013932000000000002
1711198800,0.013932000000000002
1711202400,0.013932000000000002
1711206000,0.013932000000000002
1711209600,0.015179400000000001
1711213200,0.015179400000000001
1711216800,0.015179400000000001
1711220400,0.015179400000000001
1711224000,0.009450000000000002
1711227600,0.009450000000000002
1711231200,0.009450000000000002
1711234800,0.009450000000000002
1711238400,0.009339300000000002
1711242000,0.009339300000000002
1711245600,0.009339300000000002
1711249200,0.009339300000000002
1711252800,0.010665000000000001
1711256400,0.010665000000000001
1711260000,0.010665000000000001
1711263600,0.010665000000000001
1711267200,0.019097100000000002
1711270800,0.019097100000000002
1711274400,0.019097100000000002
1711278000,0.019097100000000002
1711281600,0.024734700000000002
1711285200,0.024734700000000002
1711288800,0.024734700000000002
1711292400,0.024734700000000002
1711296000,0.0190512
1711299600,0.0190512
1711303200,0.0190512
1711306800,0.0190512
1711310400,0.00864
1711314000,0.00864
1711317600,0.00864
1711321200,0.00864
1711324800,0.0106272
1711328400,0.0106272
1711332000,0.0106272
1711335600,0.0106272
1711339200,0.0109566
1711342800,0.0109566
1711346400,0.0109566
1711350000,0.0109566
1711353600,0.011734200000000002
1711357200,0.011734200000000002
1711360800,0.011734200000000002
1711364400,0.011734200000000002
1711368000,0.009720000000000001
1711371600,0.009720000000000001
1711375200,0.009720000000000001
1711378800,0.009720000000000001
1711382400,0.0173043
1711386000,0.0173043
1711389600,0.0173043
1711393200,0.0173043
1711396800,0.0083511
1711400400,0.0083511
1711404000,0.0083511
1711407600,0.0083511
1711411200,0.009571500000000002
1711414800,0.009571500000000002
1711418400,0.009571500000000002
1711422000,0.009571500000000002
1711425600,0.0096525
1711429200,0.0096525
1711432800,0.0096525
1711436400,0.0096525
1711440000,0.0158085
1711443600,0.0158085
1711447200,0.0158085
1711450800,0.0158085
1711454400,0.0156438
1711458000,0.0156438
1711461600,0.0156438
1711465200,0.0156438
1711468800,0.014580000000000003
1711472400,0.014580000000000003
1711476000,0.014580000000000003
1711479600,0.014580000000000003
1711483200,0.0080811
1711486800,0.0080811
1711490400,0.0080811
1711494000,0.0080811
1711497600,0.008156700000000001
1711501200,0.008156700000000001
1711504800,0.008156700000000001
1711508400,0.008156700000000001
1711512000,0.008977500000000001
1711515600,0.008977500000000001
1711519200,0.008977500000000001
1711522800,0.008977500000000001
1711526400,0.014590800000000001
1711530000,0.014590800000000001
1711533600,0.014590800000000001
1711537200,0.014590800000000001
1711540800,0.015120000000000001
1711544400,0.015120000000000001
1711548000,0.015120000000000001
1711551600,0.015120000000000001
1711555200,0.015012000000000003
1711558800,0.015012000000000003
1711562400,0.015012000000000003
1711566000,0.015012000000000003
1711569600,0.008618400000000002
1711573200,0.008618400000000002
1711576800,0.008618400000000002
1711580400,0.008618400000000002
1711584000,0.0432
1711587600,0.0432
1711591200,0.0432
1711594800,0.007635600000000001
1711598400,0.007870499999999999
1711602000,0.007870499999999999
1711605600,0.0432
1711609200,0.0432
1711612800,0.0432
1711616400,0.0129924
1711620000,0.0129924
1711623600,0.0432
1711627200,0.0196506
1711630800,0.0196506
1711634400,0.041580000000000006
1711638000,0.0196506
1711641600,0.01404
1711645200,0.04239
1711648800,0.01404
1711652400,0.01404
1711656000,0.042660000000000003
1711659600,0.042660000000000003
1711663200,0.042660000000000003
1711666800,0.0079515
1711670400,0.007560000000000001
1711674000,0.007560000000000001
1711677600,0.007560000000000001
1711681200,0.007560000000000001
1711684800,0.008553600000000001
1711688400,0.008553600000000001
1711692000,0.008553600000000001
1711695600,0.008553600000000001
1711699200,0.0171882
1711702800,0.0171882
1711706400,0.0171882
1711710000,0.0171882
1711713600,0.023986800000000003
1711717200,0.023986800000000003
1711720800,0.023986800000000003
1711724400,0.023986800000000003
1711728000,0.014337
1711731600,0.014337
1711735200,0.014337
1711738800,0.014337
1711742400,0.008564400000000002
1711746000,0.008564400000000002
1711749600,0.008564400000000002
1711753200,0.008564400000000002
1711756800,0.011132099999999999
1711760400,0.011132099999999999
1711764000,0.011132099999999999
1711767600,0.011132099999999999
1711771200,0.010527300000000002
1711774800,0.010527300000000002
1711778400,0.010527300000000002
1711782000,0.010527300000000002
1711785600,0.0158409
1711789200,0.0158409
1711792800,0.0158409
1711796400,0.0158409
1711800000,0.0248292
1711803600,0.0248292
1711807200,0.0248292
1711810800,0.0248292
1711814400,0.015444000000000003
1711818000,0.015444000000000003
1711821600,0.015444000000000003
1711825200,0.015444000000000003
1711828800,0.009142200000000001
1711832400,0.009142200000000001
1711836000,0.009142200000000001
1711839600,0.009142200000000001
1711843200,0.0106596
1711846800,0.0106596
1711850400,0.0106596
1711854000,0.0106596
1711857600,0.009890100000000002
1711861200,0.009890100000000002
1711864800,0.009890100000000002
1711868400,0.009890100000000002
1711872000,0.017204399999999998
1711875600,0.017204399999999998
1711879200,0.017204399999999998
1711882800,0.017204399999999998
1711886400,0.0266868
1711890000,0.0266868
1711893600,0.0266868
1711897200,0.0266868
1711900800,0.016726500000000002
1711904400,0.016726500000000002
1711908000,0.016726500000000002
1711911600,0.016726500000000002
1711915200,0.010351800000000001
1711918800,0.010351800000000001
1711922400,0.010351800000000001
1711926000,0.010351800000000001
